step	dice_multi
0	0.49629206697776557
1	0.49629206697776557
2	0.5017551980789363
