step	loss
0	0.19115784764289856
1	0.07959214597940445
2	0.06589560210704803
