step	loss
0	0.19115827977657318
1	0.08390823751688004
2	0.055465344339609146
3	0.04991953819990158
