step	loss
0	0.4608558416366577
1	0.1275380551815033
2	0.10098417848348618
