step	loss
0	0.4608559012413025
1	0.13092006742954254
2	0.10236024856567383
3	0.08462752401828766
