{
    "train": {
        "loss": 0.10098417848348618
    },
    "eval": {
        "loss": 0.06589560210704803
    },
    "dice_multi": 0.5017551980789363,
    "step": 2
}