{
    "train": {
        "loss": 0.08462752401828766
    },
    "eval": {
        "loss": 0.04991953819990158
    },
    "dice_multi": 0.6957848238563804,
    "step": 3
}